"predict","quality","deviance","fixed acidity","volatile acidity","citric acid","residual sugar","chlorides","free sulfur dioxide","total sulfur dioxide","density","pH","sulphates","alcohol","quality0"
5.577026218156393,5,0.33295925643986973,7.5,0.5,0.36,6.1000000000000005,0.07100000000000001,17.0,102,0.9978000000000001,3.35,0.8,10.5,5
5.725303669016013,7,1.6248507362240392,8.5,0.28,0.56,1.8,0.092,35.0,103,0.9969000000000001,3.3000000000000003,0.75,10.5,7
5.278278773932766,6,0.5208815281559913,7.9,0.32,0.51,1.8,0.341,17.0,56,0.9969000000000001,3.04,1.08,9.200000000000001,6
5.242262882630843,5,0.05869130430060575,6.300000000000001,0.39,0.16,1.4000000000000001,0.08,11.0,23,0.9955,3.34,0.56,9.3,5
5.273229067899888,5,0.07465412354544167,7.6000000000000005,0.41000000000000003,0.24,1.8,0.08,4.0,11,0.9962000000000001,3.2800000000000002,0.59,9.5,5
5.621139222147092,5,0.3858139332894947,7.9,0.43,0.21,1.6,0.106,10.0,37,0.9966,3.17,0.91,9.5,5
4.9083122709503355,5,0.00840663965828469,7.1000000000000005,0.71,0.0,1.9000000000000001,0.08,14.0,35,0.9972000000000001,3.47,0.55,9.4,5
5.181122565779721,6,0.6705602522751872,7.800000000000001,0.645,0.0,2.0,0.082,8.0,16,0.9964000000000001,3.38,0.59,9.8,6
5.270128870694346,5,0.07296960678260252,8.3,0.655,0.12,2.3000000000000003,0.083,15.0,113,0.9966,3.17,0.66,9.8,5
4.119871815367988,4,0.014369252119617022,5.7,1.1300000000000001,0.09,1.5,0.17200000000000001,7.0,19,0.9940000000000001,3.5,0.48,9.8,4
5.60574262245369,5,0.36692412465707325,7.300000000000001,0.45,0.36,5.9,0.074,12.0,87,0.9978000000000001,3.33,0.8300000000000001,10.5,5
5.1353434964929665,4,1.2890048550288746,8.8,0.61,0.3,2.8000000000000003,0.088,17.0,46,0.9976,3.2600000000000002,0.51,9.3,4
4.4563510999748726,5,0.295554126498531,6.800000000000001,0.67,0.02,1.8,0.05,5.0,11,0.9962000000000001,3.48,0.52,9.5,5
5.385989994606973,5,0.14898827593669114,5.6000000000000005,0.31,0.37,1.4000000000000001,0.074,12.0,96,0.9954000000000001,3.3200000000000003,0.58,9.200000000000001,5
5.262656614892176,6,0.5436752675622648,6.6000000000000005,0.52,0.04,2.2,0.069,8.0,15,0.9956,3.4,0.63,9.4,6
5.361085197499734,5,0.13038251985342192,8.6,0.38,0.36,3.0,0.081,30.0,119,0.9970000000000001,3.2,0.56,9.4,5
5.235923575974635,5,0.05565993370065926,7.7,0.62,0.04,3.8000000000000003,0.084,25.0,45,0.9978000000000001,3.34,0.53,9.5,5
5.833724601651281,5,0.6950967113985871,10.200000000000001,0.42,0.5700000000000001,3.4,0.07,4.0,10,0.9971000000000001,3.04,0.63,9.600000000000001,5
5.310000031244752,5,0.09610001937174732,7.800000000000001,0.59,0.18,2.3000000000000003,0.076,17.0,54,0.9975,3.43,0.59,10.0,5
5.097200127585048,5,0.009447864802549659,7.7,0.6900000000000001,0.49,1.8,0.115,20.0,112,0.9968000000000001,3.21,0.71,9.3,5
5.148856668860397,5,0.022158307864213803,7.0,0.735,0.05,2.0,0.081,13.0,54,0.9966,3.39,0.5700000000000001,9.8,5
4.222323844356132,5,0.6047802030570257,7.2,0.725,0.05,4.65,0.08600000000000001,4.0,11,0.9962000000000001,3.41,0.39,10.9,5
5.785492859659707,6,0.04601331325697033,8.0,0.705,0.05,1.9000000000000001,0.074,8.0,19,0.9962000000000001,3.34,0.9500000000000001,10.5,6
5.103329513538985,5,0.010676988368203308,7.7,0.6900000000000001,0.22,1.9000000000000001,0.084,18.0,94,0.9961000000000001,3.31,0.48,9.5,5
5.598350661624766,5,0.35802351426679474,9.700000000000001,0.32,0.54,2.5,0.094,28.0,83,0.9984000000000001,3.2800000000000002,0.8200000000000001,9.600000000000001,5
5.055270419118171,5,0.0030548192294983303,8.8,0.41000000000000003,0.64,2.2,0.093,9.0,42,0.9986,3.54,0.66,10.5,5
5.055270419118171,5,0.0030548192294983303,8.8,0.41000000000000003,0.64,2.2,0.093,9.0,42,0.9986,3.54,0.66,10.5,5
5.178701022479299,5,0.031934055435146796,7.800000000000001,0.43,0.7000000000000001,1.9000000000000001,0.464,22.0,67,0.9974000000000001,3.13,1.28,9.4,5
5.400086241474118,5,0.16006900061688623,6.9,0.55,0.15,2.2,0.076,19.0,40,0.9961000000000001,3.41,0.59,10.100000000000001,5
4.606978704412987,5,0.154465738784894,7.0,0.62,0.08,1.8,0.076,8.0,24,0.9978000000000001,3.48,0.53,9.0,5
5.275306720334872,6,0.525180349591799,8.1,0.545,0.18,1.9000000000000001,0.08,13.0,35,0.9972000000000001,3.3000000000000003,0.59,9.0,6
5.275306720334872,6,0.525180349591799,8.1,0.545,0.18,1.9000000000000001,0.08,13.0,35,0.9972000000000001,3.3000000000000003,0.59,9.0,6
5.1223353217428205,5,0.014965930945919402,8.1,0.5750000000000001,0.22,2.1,0.077,12.0,65,0.9967,3.29,0.51,9.200000000000001,5
5.332209060943799,5,0.11036286017316083,8.4,0.62,0.09,2.2,0.084,11.0,108,0.9964000000000001,3.15,0.66,9.8,5
5.654767296779746,6,0.11918561937276383,8.8,0.55,0.04,2.2,0.11900000000000001,14.0,56,0.9962000000000001,3.21,0.6,10.9,6
5.858708434938957,7,1.3025464364794852,8.0,0.59,0.16,1.8,0.065,3.0,16,0.9962000000000001,3.42,0.92,10.5,7
4.988354405528426,5,1.3561987059635194E-4,6.1000000000000005,0.38,0.15,1.8,0.07200000000000001,6.0,19,0.9955,3.42,0.5700000000000001,9.4,5
5.909173365684504,5,0.8265962088700889,5.6000000000000005,0.5,0.09,2.3000000000000003,0.049,17.0,99,0.9937,3.63,0.63,13.0,5
5.411784973080301,6,0.34599691789414255,6.6000000000000005,0.5,0.01,1.5,0.06,17.0,26,0.9952000000000001,3.4,0.58,9.8,6
5.242281301532134,5,0.058700229072104676,7.800000000000001,0.56,0.19,2.1,0.081,15.0,105,0.9962000000000001,3.33,0.54,9.5,5
5.242673705655793,5,0.05889052741671459,7.800000000000001,0.56,0.19,2.0,0.081,17.0,108,0.9962000000000001,3.3200000000000003,0.54,9.5,5
5.301254407617285,5,0.09075421810884127,8.3,0.715,0.15,1.8,0.089,10.0,52,0.9968000000000001,3.23,0.77,9.5,5
5.221919633672917,5,0.04924832380952148,6.300000000000001,0.39,0.08,1.7,0.066,3.0,20,0.9954000000000001,3.34,0.58,9.4,5
5.113685684440067,5,0.012924434846606414,8.1,0.67,0.55,1.8,0.117,32.0,141,0.9968000000000001,3.17,0.62,9.4,5
5.043435179043949,5,0.0018866147785799162,5.800000000000001,0.68,0.02,1.8,0.08700000000000001,21.0,94,0.9944000000000001,3.54,0.52,10.0,5
5.550456820797166,5,0.30300271156212316,7.1000000000000005,0.43,0.42,5.5,0.07,29.0,129,0.9973000000000001,3.42,0.72,10.5,5
5.556577701505896,5,0.30977873781358617,7.1000000000000005,0.43,0.42,5.5,0.07100000000000001,28.0,128,0.9973000000000001,3.42,0.71,10.5,5
5.03866588723075,5,0.0014950508353410877,7.6000000000000005,0.9500000000000001,0.03,2.0,0.09,7.0,20,0.9959000000000001,3.2,0.56,9.600000000000001,5
5.448672441066382,6,0.3039620772397022,7.800000000000001,0.53,0.04,1.7,0.076,17.0,31,0.9964000000000001,3.33,0.56,10.0,6
5.276249150939363,5,0.07631359339471908,7.4,0.6,0.26,7.3,0.07,36.0,121,0.9982000000000001,3.37,0.49,9.4,5
5.312648565175825,5,0.09774912530650186,7.800000000000001,0.63,0.48,1.7,0.1,14.0,96,0.9961000000000001,3.19,0.62,9.5,5
4.971280405052246,5,8.248151339630507E-4,7.5,0.705,0.24,1.8,0.36,15.0,63,0.9964000000000001,3.0,1.59,9.5,5
4.948053043166938,5,0.002698486324215978,7.300000000000001,0.38,0.21,2.0,0.08,7.0,35,0.9961000000000001,3.33,0.47000000000000003,9.5,5
4.948053043166938,5,0.002698486324215978,7.300000000000001,0.38,0.21,2.0,0.08,7.0,35,0.9961000000000001,3.33,0.47000000000000003,9.5,5
4.708706692470247,6,1.6674384060711298,7.5,0.52,0.42,2.3000000000000003,0.08700000000000001,8.0,38,0.9972000000000001,3.58,0.61,10.5,6
5.389141804813411,5,0.15143134425343885,8.8,0.61,0.14,2.4,0.067,10.0,42,0.9969000000000001,3.19,0.59,9.5,5
4.632016368537893,5,0.13541195302403994,7.7,0.705,0.1,2.6,0.084,9.0,26,0.9976,3.39,0.49,9.700000000000001,5
5.319286980169209,6,0.46337021536715506,6.4,0.37,0.25,1.9000000000000001,0.074,21.0,49,0.9974000000000001,3.5700000000000003,0.62,9.8,6
6.20354864181502,7,0.6343347659546988,12.8,0.3,0.74,2.6,0.095,9.0,28,0.9994000000000001,3.2,0.77,10.8,7
5.139856548009346,6,0.739846758002398,8.0,0.725,0.24,2.8000000000000003,0.083,10.0,62,0.9968500000000001,3.35,0.56,10.0,6
5.209133814195582,5,0.043736952239992063,7.800000000000001,0.53,0.33,2.4,0.08,24.0,144,0.99655,3.3000000000000003,0.6,9.5,5
5.450967987255006,6,0.30143615101881915,7.800000000000001,0.34,0.37,2.0,0.082,24.0,58,0.9964000000000001,3.34,0.59,9.4,6
5.335690036262351,5,0.1126878004458185,7.4,0.53,0.26,2.0,0.101,16.0,72,0.9957,3.15,0.5700000000000001,9.4,5
5.299604416419564,6,0.4905539734989793,8.6,0.645,0.25,2.0,0.083,8.0,28,0.9981500000000001,3.2800000000000002,0.6,10.0,6
4.977445348793086,6,1.045618014704893,8.9,0.59,0.5,2.0,0.337,27.0,81,0.9964000000000001,3.04,1.61,9.5,6
4.850243967302112,5,0.022426869329410886,6.9,0.52,0.25,2.6,0.081,10.0,37,0.9968500000000001,3.46,0.5,11.0,5
5.269283413539111,6,0.5339467297290537,7.7,0.58,0.1,1.8,0.10200000000000001,28.0,109,0.99565,3.08,0.49,9.8,6
6.079089575347406,7,0.8480760102338212,15.0,0.21,0.44,2.2,0.075,10.0,24,1.00005,3.0700000000000003,0.84,9.200000000000001,7
5.446725944431877,6,0.306112180564798,7.300000000000001,0.66,0.0,2.0,0.084,6.0,23,0.9983000000000001,3.61,0.96,9.9,6
5.5062124910915955,6,0.24382610395396767,7.1000000000000005,0.6,0.0,1.8,0.074,16.0,34,0.9972000000000001,3.47,0.7000000000000001,9.9,6
5.354127307045077,5,0.12540614959499854,7.7,0.41000000000000003,0.76,1.8,0.611,8.0,45,0.9968000000000001,3.06,1.26,9.4,5
5.560760767012321,5,0.31445263782024696,7.9,0.33,0.23,1.7,0.077,18.0,45,0.9962500000000001,3.29,0.65,9.3,5
6.6190044156209575,8,1.907148804074413,7.9,0.35000000000000003,0.46,3.6,0.078,15.0,37,0.9973000000000001,3.35,0.86,12.8,8
5.39699306898304,6,0.3636173588544929,6.9,0.54,0.04,3.0,0.077,7.0,27,0.9987,3.69,0.91,9.4,6
5.6243869821837285,7,1.8923111747855899,7.7,0.27,0.68,3.5,0.358,5.0,10,0.9972000000000001,3.25,1.08,9.9,7
5.753009708850318,7,1.5549847862215698,8.9,0.4,0.32,5.6000000000000005,0.08700000000000001,10.0,47,0.9991000000000001,3.38,0.77,10.5,7
5.282404384202711,5,0.07975223621691245,8.3,0.705,0.12,2.6,0.092,12.0,28,0.9994000000000001,3.5100000000000002,0.72,10.0,5
5.186903710133908,5,0.034932996861819963,8.4,0.65,0.6,2.1,0.112,12.0,90,0.9973000000000001,3.2,0.52,9.200000000000001,5
5.35255450205352,6,0.41918567281116526,10.3,0.41000000000000003,0.42,2.4,0.213,6.0,14,0.9994000000000001,3.19,0.62,9.5,6
5.009131460956128,6,0.9818204616669366,7.4,0.29,0.38,1.7,0.062,9.0,30,0.9968000000000001,3.41,0.53,9.5,6
5.295535864032194,6,0.496269718864867,7.9,0.53,0.24,2.0,0.07200000000000001,15.0,105,0.9960000000000001,3.27,0.54,9.4,6
5.859760377353491,5,0.7391879064670176,7.4,0.36,0.29,2.6,0.08700000000000001,26.0,72,0.9964500000000001,3.39,0.68,11.0,5
5.405823434874896,6,0.35304579054386703,9.600000000000001,0.77,0.12,2.9,0.082,30.0,74,0.99865,3.3000000000000003,0.64,10.4,6
5.321556072737232,5,0.1033983079141923,9.3,0.61,0.26,3.4,0.09,25.0,87,0.99975,3.24,0.62,9.700000000000001,5
5.6678986800973465,5,0.44608864687577765,8.4,0.56,0.08,2.1,0.105,16.0,44,0.9958000000000001,3.13,0.52,11.0,5
6.160934714929831,7,0.7040305526098839,11.9,0.6950000000000001,0.53,3.4,0.128,7.0,21,0.9992000000000001,3.17,0.84,12.200000000000001,7
6.216728907938978,6,0.04697141953642202,8.9,0.43,0.45,1.9000000000000001,0.052000000000000005,6.0,16,0.9948000000000001,3.35,0.7000000000000001,12.5,6
5.674907080001171,5,0.45549956663570723,7.800000000000001,0.43,0.32,2.8000000000000003,0.08,29.0,58,0.9974000000000001,3.31,0.64,10.3,5
5.696388658400732,6,0.09217984674770743,10.9,0.39,0.47000000000000003,1.8,0.11800000000000001,6.0,14,0.9982000000000001,3.3000000000000003,0.75,9.8,6
5.696388658400732,6,0.09217984674770743,10.9,0.39,0.47000000000000003,1.8,0.11800000000000001,6.0,14,0.9982000000000001,3.3000000000000003,0.75,9.8,6
5.192192266319619,5,0.03693786723307142,7.0,0.685,0.0,1.9000000000000001,0.067,40.0,63,0.9979000000000001,3.6,0.81,9.9,5
5.417124047005229,5,0.17399247059002076,7.7,0.665,0.0,2.4,0.09,8.0,19,0.9974000000000001,3.27,0.73,9.3,5
6.199521731207481,5,1.4388523836389924,13.5,0.53,0.79,4.8,0.12,23.0,77,1.0018,3.18,0.77,13.0,5
5.9746095750742505,6,6.446736779101215E-4,6.1000000000000005,0.21,0.4,1.4000000000000001,0.066,40.5,165,0.9912000000000001,3.25,0.59,11.9,6
5.684360609082524,6,0.09962822509875534,6.7,0.75,0.01,2.4,0.078,17.0,32,0.9955,3.5500000000000003,0.61,12.8,6
5.650117237142409,6,0.1224179477448615,8.6,0.45,0.31,2.6,0.08600000000000001,21.0,50,0.9982000000000001,3.37,0.91,9.9,6
6.3521308441168385,5,1.8282578196121142,12.5,0.46,0.63,2.0,0.07100000000000001,6.0,15,0.9988000000000001,2.99,0.87,10.200000000000001,5
5.730350880870581,7,1.6120088857061086,12.8,0.615,0.66,5.8,0.083,7.0,42,1.0022,3.0700000000000003,0.73,10.0,7
5.344019951005639,5,0.11834972668992225,10.3,0.34,0.52,2.8000000000000003,0.159,15.0,75,0.9998000000000001,3.18,0.64,9.4,5
6.8417368840071475,7,0.02504721388376708,9.4,0.27,0.53,2.4,0.074,6.0,18,0.9962000000000001,3.2,1.1300000000000001,12.0,7
6.066217360711583,6,0.004384738859607927,14.0,0.41000000000000003,0.63,3.8000000000000003,0.089,6.0,47,1.0014,3.0100000000000002,0.81,10.8,6
6.8417368840071475,7,0.02504721388376708,9.4,0.27,0.53,2.4,0.074,6.0,18,0.9962000000000001,3.2,1.1300000000000001,12.0,7
6.748862059427717,6,0.5607943840503213,11.4,0.625,0.66,6.2,0.088,6.0,24,0.9988000000000001,3.11,0.99,13.3,6
5.411183826876178,6,0.3467044857321832,7.800000000000001,0.46,0.26,1.9000000000000001,0.088,23.0,53,0.9981000000000001,3.43,0.74,9.200000000000001,6
5.221732624291998,5,0.04916535667541631,8.4,0.665,0.61,2.0,0.112,13.0,95,0.9970000000000001,3.16,0.54,9.1,5
5.63474328587462,5,0.4028990389629099,12.700000000000001,0.6,0.65,2.3000000000000003,0.063,6.0,25,0.9997,3.0300000000000002,0.5700000000000001,9.9,5
5.825725664528629,6,0.03037154400398802,11.5,0.59,0.59,2.6,0.08700000000000001,13.0,49,0.9988000000000001,3.18,0.65,11.0,6
5.249712305708826,5,0.062356235622418155,8.700000000000001,0.765,0.22,2.3000000000000003,0.064,9.0,42,0.9963000000000001,3.1,0.55,9.4,5
5.162203482011487,5,0.026309969576650657,6.6000000000000005,0.735,0.02,7.9,0.122,68.0,124,0.9994000000000001,3.47,0.53,9.9,5
5.41258777378377,6,0.34505312350830764,9.0,0.43,0.34,2.5,0.08,26.0,86,0.9987,3.38,0.62,9.5,6
5.4192976776650905,5,0.17581054249533815,9.1,0.45,0.35000000000000003,2.4,0.08,23.0,78,0.9987,3.38,0.62,9.5,5
6.036234462835358,7,0.9288440106262511,9.5,0.56,0.33,2.4,0.089,35.0,67,0.9972000000000001,3.2800000000000002,0.73,11.8,7
5.188438792755923,6,0.6586315931034641,9.5,0.78,0.22,1.9000000000000001,0.077,6.0,32,0.9988000000000001,3.2600000000000002,0.56,10.600000000000001,6
5.953238501640948,6,0.0021866377287836094,10.4,0.41000000000000003,0.55,3.2,0.076,22.0,54,0.9996,3.15,0.89,9.9,6
6.352702846152364,8,2.713587913074522,12.600000000000001,0.31,0.72,2.2,0.07200000000000001,6.0,29,0.9987,2.88,0.8200000000000001,9.8,8
6.082197427656305,7,0.8423615618007037,10.4,0.33,0.63,2.8000000000000003,0.084,5.0,22,0.9998000000000001,3.2600000000000002,0.74,11.200000000000001,7
5.282033851215552,3,5.207678498093682,11.600000000000001,0.58,0.66,2.2,0.074,10.0,47,1.0008000000000001,3.25,0.5700000000000001,9.0,3
5.768101789724005,5,0.5899803593772196,10.0,0.29,0.4,2.9,0.098,10.0,26,1.0006000000000002,3.48,0.91,9.700000000000001,5
6.238081221046048,5,1.532845109906874,9.9,0.35000000000000003,0.55,2.1,0.062,5.0,14,0.9971000000000001,3.2600000000000002,0.79,10.600000000000001,5
6.666687748997376,6,0.44447255466318786,10.4,0.24,0.49,1.8,0.075,6.0,20,0.9977,3.18,1.06,11.0,6
5.424106826312261,5,0.17986660012465863,9.600000000000001,0.68,0.24,2.2,0.08700000000000001,5.0,28,0.9988000000000001,3.14,0.6,10.200000000000001,5
5.835275790453003,5,0.6976856461168887,10.600000000000001,0.36,0.6,2.2,0.152,7.0,18,0.9986,3.04,1.06,9.4,5
6.599017273989952,6,0.3588216945383537,10.600000000000001,0.44,0.68,4.1,0.114,6.0,24,0.9970000000000001,3.06,0.66,13.4,6
5.570470294284773,6,0.18449576809180968,9.3,0.775,0.27,2.8000000000000003,0.078,24.0,56,0.9984000000000001,3.31,0.67,10.600000000000001,6
6.764917167823455,7,0.05526393798414553,9.200000000000001,0.41000000000000003,0.5,2.5,0.055,12.0,25,0.9952000000000001,3.34,0.79,13.3,7
6.1530116239723,8,3.411366061181441,10.700000000000001,0.35000000000000003,0.53,2.6,0.07,5.0,16,0.9972000000000001,3.15,0.65,11.0,8
6.554368876579709,7,0.198587098160831,10.4,0.24,0.46,1.8,0.075,6.0,21,0.9976,3.25,1.02,10.8,7
5.780824073622199,6,0.04803808670356726,10.700000000000001,0.4,0.48,2.1,0.125,15.0,49,0.9980000000000001,3.0300000000000002,0.81,9.700000000000001,6
5.177330552008117,5,0.03144612467550348,8.200000000000001,0.39,0.49,2.3000000000000003,0.099,47.0,133,0.9979000000000001,3.38,0.99,9.8,5
5.370452768861565,6,0.39632971623407026,10.0,0.48,0.24,2.7,0.10200000000000001,13.0,32,1.0,3.2800000000000002,0.56,10.0,6
5.420470403009947,5,0.1767953598073473,9.200000000000001,0.59,0.24,3.3000000000000003,0.101,20.0,47,0.9988000000000001,3.2600000000000002,0.67,9.600000000000001,5
5.97423196656263,6,6.639915472294411E-4,9.5,0.46,0.49,6.3,0.064,5.0,17,0.9988000000000001,3.21,0.73,11.0,6
5.4749650507812095,6,0.2756616979011779,7.5,0.55,0.24,2.0,0.078,10.0,28,0.9983000000000001,3.45,0.78,9.5,6
6.283020077023332,6,0.0801003639982929,10.600000000000001,0.31,0.49,2.5,0.067,6.0,21,0.9987,3.2600000000000002,0.86,10.700000000000001,6
5.948476260908815,6,0.0026546956899365184,12.4,0.35000000000000003,0.49,2.6,0.079,27.0,69,0.9994000000000001,3.12,0.75,10.4,6
5.186838451977917,6,0.6612317031816701,9.0,0.53,0.49,1.9000000000000001,0.171,6.0,25,0.9975,3.27,0.61,9.4,6
5.749361736289669,6,0.06281953923572955,9.4,0.43,0.24,2.8000000000000003,0.092,14.0,45,0.9980000000000001,3.19,0.73,10.0,6
5.211942468477795,5,0.044919609944461064,5.0,1.04,0.24,1.6,0.05,32.0,96,0.9934000000000001,3.74,0.62,11.5,5
5.896291909064406,6,0.010755368125505496,10.9,0.53,0.49,4.6000000000000005,0.11800000000000001,10.0,17,1.0002,3.0700000000000003,0.56,11.700000000000001,6
6.044216538626214,6,0.001955102288083504,13.0,0.47000000000000003,0.49,4.3,0.085,6.0,47,1.0021,3.3000000000000003,0.68,12.700000000000001,6
5.714336789724563,5,0.5102770491539951,12.700000000000001,0.6,0.49,2.8000000000000003,0.075,5.0,19,0.9994000000000001,3.14,0.5700000000000001,11.4,5
5.402776913155816,6,0.3566754154596956,6.2,0.36,0.24,2.2,0.095,19.0,42,0.9946,3.5700000000000003,0.5700000000000001,11.700000000000001,6
5.269950432361121,4,1.6127741006541978,10.5,0.59,0.49,2.1,0.07,14.0,47,0.9991000000000001,3.3000000000000003,0.56,9.600000000000001,4
5.412500414377142,5,0.17015659186131388,8.8,0.44,0.49,2.8000000000000003,0.083,18.0,111,0.9982000000000001,3.3000000000000003,0.6,9.5,5
5.454035354122155,5,0.2061481027928306,8.8,0.47000000000000003,0.49,2.9,0.085,17.0,110,0.9982000000000001,3.29,0.6,9.8,5
5.609979563921629,6,0.15211594055876235,10.600000000000001,0.31,0.49,2.2,0.063,18.0,40,0.9976,3.14,0.51,9.8,6
4.890076681446563,5,0.012083135961800426,11.700000000000001,0.49,0.49,2.2,0.083,5.0,15,1.0,3.19,0.43,9.200000000000001,5
5.781330496119058,7,1.4851553596894205,11.8,0.33,0.49,3.4,0.093,54.0,80,1.0002,3.3000000000000003,0.76,10.700000000000001,7
5.1732702823476595,6,0.6834820260495186,7.6000000000000005,0.51,0.24,2.4,0.091,8.0,38,0.9980000000000001,3.47,0.66,9.600000000000001,6
5.711506907995726,6,0.08322826413418669,12.4,0.4,0.51,2.0,0.059000000000000004,6.0,24,0.9994000000000001,3.04,0.6,9.3,6
5.073153662534794,6,0.859044133272667,8.5,0.585,0.18,2.1,0.078,5.0,30,0.9967,3.2,0.48,9.8,6
5.707181790822738,6,0.08574250362577862,12.700000000000001,0.59,0.45,2.3000000000000003,0.082,11.0,22,1.0,3.0,0.7000000000000001,9.3,6
5.25972833868509,6,0.5480021325459372,8.3,0.58,0.13,2.9,0.096,14.0,63,0.9984000000000001,3.17,0.62,9.1,6
5.525472541036471,6,0.22517630931038338,8.8,0.48,0.41000000000000003,3.3000000000000003,0.092,26.0,52,0.9982000000000001,3.31,0.53,10.5,6
5.366954077337413,6,0.40074714019972646,10.100000000000001,0.65,0.37,5.1000000000000005,0.11,11.0,65,1.0026000000000002,3.3200000000000003,0.64,10.4,6
5.88557001756843,5,0.784234256016149,8.200000000000001,0.39,0.38,1.5,0.058,10.0,29,0.9962000000000001,3.2600000000000002,0.74,9.8,5
5.269739882501137,6,0.5332798392094539,9.200000000000001,0.755,0.18,2.2,0.148,10.0,103,0.9969000000000001,2.87,1.36,10.200000000000001,6
6.287402170853758,6,0.08260000781145269,11.5,0.31,0.51,2.2,0.079,14.0,28,0.9982000000000001,3.0300000000000002,0.93,9.8,6
5.912652118228823,5,0.832933888907557,11.3,0.37,0.41000000000000003,2.3000000000000003,0.088,6.0,16,0.9988000000000001,3.09,0.8,9.3,5
5.285641333809085,5,0.08159097158023329,8.200000000000001,0.56,0.23,3.4,0.078,14.0,104,0.9976,3.2800000000000002,0.62,9.4,5
5.324745880744999,5,0.10545988706084497,10.0,0.58,0.22,1.9000000000000001,0.08,9.0,32,0.9974000000000001,3.13,0.55,9.5,5
5.358131079182046,5,0.1282578698760969,6.800000000000001,0.6900000000000001,0.0,5.6000000000000005,0.124,21.0,58,0.9997,3.46,0.72,10.200000000000001,5
4.537168756089945,5,0.21421276033932907,8.8,0.6,0.29,2.2,0.098,5.0,15,0.9988000000000001,3.36,0.49,9.1,5
5.482785786663384,5,0.23308211580418253,10.4,0.28,0.54,2.7,0.105,5.0,19,0.9988000000000001,3.25,0.63,9.5,5
5.036472857555021,5,0.001330269338228824,9.600000000000001,0.88,0.28,2.4,0.08600000000000001,30.0,147,0.9979000000000001,3.24,0.53,9.4,5
5.333023017993995,5,0.11090433051382845,9.5,0.59,0.44,2.3000000000000003,0.07100000000000001,21.0,68,0.9992000000000001,3.46,0.63,9.5,5
5.197128331891309,4,1.4331162430168687,8.3,0.845,0.01,2.2,0.07,5.0,14,0.9967,3.3200000000000003,0.58,11.0,4
6.047104612170999,6,0.0022188444877802517,6.7,0.42,0.27,8.6,0.068,24.0,148,0.9948000000000001,3.16,0.5700000000000001,11.3,6
6.015372842540616,6,2.3632428777857622E-4,9.4,0.33,0.59,2.8000000000000003,0.079,9.0,30,0.9976,3.12,0.54,12.0,6
5.630242340079561,6,0.13672072706983907,7.2,0.52,0.07,1.4000000000000001,0.074,5.0,20,0.9973000000000001,3.3200000000000003,0.81,9.600000000000001,6
5.630242340079561,6,0.13672072706983907,7.2,0.52,0.07,1.4000000000000001,0.074,5.0,20,0.9973000000000001,3.3200000000000003,0.81,9.600000000000001,6
5.857746080252711,6,0.02023617768346819,11.3,0.34,0.45,2.0,0.082,6.0,15,0.9988000000000001,2.94,0.66,9.200000000000001,6
4.941107994210459,5,0.00346826834591528,8.200000000000001,0.73,0.21,1.7,0.074,5.0,13,0.9968000000000001,3.2,0.52,9.5,5
4.941107994210459,5,0.00346826834591528,8.200000000000001,0.73,0.21,1.7,0.074,5.0,13,0.9968000000000001,3.2,0.52,9.5,5
5.266791622527991,5,0.07117776985111823,9.0,0.47000000000000003,0.31,2.7,0.084,24.0,125,0.9984000000000001,3.31,0.61,9.4,5
5.27541948756375,6,0.5250169190023791,5.1000000000000005,0.47000000000000003,0.02,1.3,0.034,18.0,44,0.9921000000000001,3.9,0.62,12.8,6
5.548680395975923,4,2.3984109688801425,7.5,0.38,0.48,2.6,0.073,22.0,84,0.9972000000000001,3.3200000000000003,0.7000000000000001,9.600000000000001,4
5.379935381879083,5,0.1443508944036044,10.600000000000001,1.025,0.43,2.8000000000000003,0.08,21.0,84,0.9985,3.06,0.5700000000000001,10.100000000000001,5
4.761648014440675,5,0.056811669020072474,8.700000000000001,0.6900000000000001,0.0,3.2,0.084,13.0,33,0.9992000000000001,3.36,0.45,9.4,5
4.852565211385634,5,0.02173701689376288,8.0,0.43,0.36,2.3000000000000003,0.075,10.0,48,0.9976,3.34,0.46,9.4,5
5.616252427606715,5,0.37976705453116916,7.6000000000000005,0.42,0.08,2.7,0.084,15.0,48,0.9968000000000001,3.21,0.59,10.0,5
5.395136604197525,5,0.1561329359767514,7.1000000000000005,0.31,0.3,2.2,0.053,36.0,127,0.9965,2.94,1.62,9.5,5
4.3273137660710566,4,0.10713430145961833,7.5,1.115,0.1,3.1,0.08600000000000001,5.0,12,0.9958000000000001,3.54,0.6,11.200000000000001,4
5.068671500082459,5,0.004715774923575187,9.0,0.66,0.17,3.0,0.077,5.0,13,0.9976,3.29,0.55,10.4,5
5.13795557071208,5,0.01903173949049573,6.4,0.5700000000000001,0.02,1.8,0.067,4.0,11,0.9970000000000001,3.46,0.68,9.5,5
5.219893300638206,5,0.04835306366556435,9.5,0.55,0.66,2.3000000000000003,0.387,12.0,37,0.9982000000000001,3.17,0.67,9.600000000000001,5
4.490963634728228,5,0.2591180211690969,7.300000000000001,0.835,0.03,2.1,0.092,10.0,19,0.9966,3.39,0.47000000000000003,9.600000000000001,5
4.761867142499216,5,0.05670725782148888,7.7,0.965,0.1,2.1,0.112,11.0,22,0.9963000000000001,3.2600000000000002,0.5,9.5,5
4.761867142499216,5,0.05670725782148888,7.7,0.965,0.1,2.1,0.112,11.0,22,0.9963000000000001,3.2600000000000002,0.5,9.5,5
5.262798403327015,5,0.06906300079122868,9.0,0.46,0.23,2.8000000000000003,0.092,28.0,104,0.9983000000000001,3.1,0.56,9.200000000000001,5
5.2388477071787385,5,0.05704822722454041,9.200000000000001,0.53,0.24,2.6,0.078,28.0,139,0.9978800000000001,3.21,0.5700000000000001,9.5,5
5.495179909703871,5,0.24520314297433354,11.600000000000001,0.41000000000000003,0.58,2.8000000000000003,0.096,25.0,101,1.00024,3.13,0.53,10.0,5
5.395881256416492,5,0.1567219691819001,11.100000000000001,0.39,0.54,2.7,0.095,21.0,101,1.0001,3.13,0.51,9.5,5
5.244653859390059,5,0.05985551091445082,8.6,0.33,0.4,2.6,0.083,16.0,68,0.99782,3.3000000000000003,0.48,9.4,5
4.967846081649617,5,0.0010338744652831219,8.1,0.87,0.0,2.2,0.084,10.0,31,0.9965600000000001,3.25,0.5,9.8,5
5.250232852206355,5,0.06261648032332742,8.8,0.42,0.21,2.5,0.092,33.0,88,0.9982300000000001,3.19,0.52,9.200000000000001,5
5.336534955004585,5,0.1132557759399381,9.0,0.58,0.25,2.8000000000000003,0.075,9.0,104,0.9977900000000001,3.23,0.5700000000000001,9.700000000000001,5
5.107079920704705,6,0.7973062680087158,9.1,0.68,0.11,2.8000000000000003,0.093,11.0,44,0.9988800000000001,3.31,0.55,9.5,6
5.206727539348478,6,0.6292811968281209,7.0,0.5700000000000001,0.0,2.0,0.19,12.0,45,0.9967600000000001,3.31,0.6,9.4,6
5.348055607169831,5,0.12114270568235992,9.9,0.35000000000000003,0.41000000000000003,2.3000000000000003,0.083,11.0,61,0.9982000000000001,3.21,0.5,9.5,5
5.235942677960043,6,0.5837835913628701,7.1000000000000005,0.61,0.02,2.5,0.081,17.0,87,0.9974500000000001,3.48,0.6,9.700000000000001,6
4.996473752153486,5,1.2434423875043895E-5,8.6,0.55,0.09,3.3000000000000003,0.068,8.0,17,0.9973500000000001,3.23,0.44,10.0,5
5.226565314302854,6,0.5982012130394432,8.4,0.52,0.22,2.7,0.084,4.0,18,0.99682,3.2600000000000002,0.5700000000000001,9.9,6
6.460993234901117,6,0.21251476262459684,10.8,0.29,0.42,1.6,0.084,19.0,27,0.9954500000000001,3.2800000000000002,0.73,11.9,6
5.004263377975549,5,1.817639176239997E-5,7.1000000000000005,0.715,0.0,2.35,0.07100000000000001,21.0,47,0.9963200000000001,3.29,0.45,9.4,5
5.170640779558153,5,0.029118275648214106,7.1000000000000005,0.48,0.28,2.8000000000000003,0.068,6.0,16,0.99682,3.24,0.53,10.3,5
5.467880747572106,7,2.34738940366021,7.5,0.27,0.34,2.3000000000000003,0.05,4.0,8,0.9951000000000001,3.4,0.64,11.0,7
5.726033771723973,6,0.07505749423579221,5.9,0.61,0.08,2.1,0.07100000000000001,16.0,24,0.9937600000000001,3.56,0.77,11.100000000000001,6
4.980725085469726,4,0.9618216932696014,7.5,0.685,0.07,2.5,0.058,5.0,9,0.9963200000000001,3.38,0.55,10.9,4
5.479171696890353,3,6.146292302662195,10.4,0.44,0.42,1.5,0.145,34.0,48,0.9983200000000001,3.38,0.86,9.9,3
4.815450341421254,5,0.034058576481531655,8.8,0.685,0.26,1.6,0.088,16.0,23,0.99694,3.3200000000000003,0.47000000000000003,9.4,5
5.968391000903636,7,1.0642171270166023,6.7,0.28,0.28,2.4,0.012,36.0,100,0.9906400000000001,3.2600000000000002,0.39,11.700000000000001,7
5.271108187398182,6,0.5312832744779634,7.4,0.68,0.16,1.8,0.078,12.0,39,0.9977,3.5,0.7000000000000001,9.9,6
4.88601066498269,5,0.012993568497688538,6.4,0.64,0.21,1.8,0.081,14.0,31,0.99689,3.59,0.66,9.8,5
5.856402202752786,6,0.020620327374251915,9.3,0.36,0.39,1.5,0.08,41.0,55,0.9965200000000001,3.47,0.73,10.9,6
6.112962757615625,6,0.012760584608126423,6.800000000000001,0.56,0.22,1.8,0.074,15.0,24,0.99438,3.4,0.8200000000000001,11.200000000000001,6
5.903190237882009,6,0.009372130041342065,7.7,0.715,0.01,2.1,0.064,31.0,43,0.9937100000000001,3.41,0.5700000000000001,11.8,6
5.4535364319186055,4,2.1127681589146707,7.1000000000000005,0.47000000000000003,0.0,2.2,0.067,7.0,14,0.9951700000000001,3.4,0.58,10.9,4
5.903190237882009,6,0.009372130041342065,7.7,0.715,0.01,2.1,0.064,31.0,43,0.9937100000000001,3.41,0.5700000000000001,11.8,6
5.334864151058618,6,0.4424056975469734,9.0,0.8,0.12,2.4,0.083,8.0,28,0.9983600000000001,3.33,0.65,10.4,6
6.464002358376194,7,0.2872934718262816,10.700000000000001,0.52,0.38,2.6,0.066,29.0,56,0.99577,3.15,0.79,12.100000000000001,7
5.544060672913894,5,0.2960020158115196,7.2,0.34,0.24,2.0,0.07100000000000001,30.0,52,0.9957600000000001,3.44,0.58,10.100000000000001,5
5.549111788955107,6,0.20330017885926363,10.100000000000001,0.45,0.23,1.9000000000000001,0.082,10.0,18,0.9977400000000001,3.22,0.65,9.3,6
5.1266710637504005,5,0.016045558391658027,7.2,0.66,0.03,2.3000000000000003,0.078,16.0,86,0.99743,3.5300000000000002,0.5700000000000001,9.700000000000001,5
5.502202104282937,6,0.2478027449803355,7.300000000000001,0.305,0.39,1.2,0.059000000000000004,7.0,11,0.99331,3.29,0.52,11.5,6
6.14790267652565,6,0.021875201723451036,8.6,0.315,0.4,2.2,0.079,3.0,6,0.9951200000000001,3.27,0.67,11.9,6
5.637601152496795,6,0.13133292467165136,6.800000000000001,0.41000000000000003,0.31,8.8,0.084,26.0,45,0.9982400000000001,3.38,0.64,10.100000000000001,6
5.904203415731336,6,0.009176985557543179,8.4,0.36,0.32,2.2,0.081,32.0,79,0.9964000000000001,3.3000000000000003,0.72,11.0,6
6.165506506113347,6,0.027392403565847497,8.4,0.62,0.12,1.8,0.07200000000000001,38.0,46,0.99504,3.38,0.89,11.8,6
6.462643250026072,5,2.13932527684683,8.6,0.47000000000000003,0.27,2.3000000000000003,0.055,14.0,28,0.99516,3.18,0.8,11.200000000000001,5
5.372378630761552,5,0.1386658446478481,7.4,0.61,0.01,2.0,0.074,13.0,38,0.99748,3.48,0.65,9.8,5
6.544343897793038,7,0.20762248347844167,7.2,0.38,0.38,2.8000000000000003,0.068,23.0,42,0.9935600000000001,3.34,0.72,12.9,7
5.390332826967353,7,2.591028407938913,9.8,0.5,0.34,2.3000000000000003,0.094,10.0,45,0.9986400000000001,3.24,0.6,9.700000000000001,7
6.186697023177345,7,0.661461732108592,8.3,0.28,0.48,2.1,0.093,6.0,12,0.9940800000000001,3.2600000000000002,0.62,12.4,7
5.971146486682706,7,1.0585395518653398,8.200000000000001,0.31,0.4,2.2,0.058,6.0,10,0.9953600000000001,3.31,0.68,11.200000000000001,7
5.071948863056012,6,0.8612789127830281,7.6000000000000005,0.43,0.4,2.7,0.082,6.0,11,0.99538,3.44,0.54,12.200000000000001,6
5.678715789837382,5,0.46065512337458087,8.5,0.21,0.52,1.9000000000000001,0.09,9.0,23,0.99648,3.36,0.67,10.4,5
5.724310677091536,6,0.07600460276572747,9.5,0.37,0.52,2.0,0.088,12.0,51,0.9961300000000001,3.29,0.58,11.100000000000001,6
6.390671473861016,6,0.15262420048873884,8.5,0.47000000000000003,0.27,1.9000000000000001,0.058,18.0,38,0.9951800000000001,3.16,0.85,11.100000000000001,6
6.112549837506538,7,0.7875677909096714,9.0,0.38,0.41000000000000003,2.4,0.10300000000000001,6.0,10,0.99604,3.13,0.58,11.9,7
6.346765744205743,6,0.12024648135456265,9.0,0.4,0.43,2.4,0.068,29.0,46,0.9943000000000001,3.2,0.6,12.200000000000001,6
5.882453022846183,7,1.2489112461456346,8.8,0.33,0.41000000000000003,5.9,0.073,7.0,13,0.9965800000000001,3.3000000000000003,0.62,12.100000000000001,7
5.0778381539963595,5,0.006058778217560979,8.4,0.59,0.29,2.6,0.109,31.0,119,0.9980100000000001,3.15,0.5,9.1,5
5.786750390742182,6,0.04547539584861196,9.1,0.5,0.3,1.9000000000000001,0.065,8.0,17,0.9977400000000001,3.3200000000000003,0.71,10.5,6
5.05867929679734,7,3.7687260726832696,5.6000000000000005,0.66,0.0,2.2,0.08700000000000001,3.0,11,0.9937800000000001,3.71,0.63,12.8,7
5.378392740679017,6,0.38639558484054426,6.4,0.6900000000000001,0.0,1.6500000000000001,0.055,7.0,12,0.9916200000000001,3.47,0.53,12.9,6
5.774128416918965,7,1.5027611382056023,7.5,0.43,0.3,2.2,0.062,6.0,12,0.9949500000000001,3.44,0.72,11.5,7
5.611839929433339,7,1.9269883815156372,6.800000000000001,0.36,0.32,1.8,0.067,4.0,8,0.9928000000000001,3.36,0.55,12.8,7
6.684111797770888,7,0.09978535630754026,9.1,0.3,0.34,2.0,0.064,12.0,25,0.99516,3.2600000000000002,0.84,11.700000000000001,7
5.273448404682353,6,0.5278772206586184,7.5,0.71,0.0,1.6,0.092,22.0,31,0.9963500000000001,3.38,0.58,10.0,6
6.665635353191338,6,0.4430704234181578,10.5,0.39,0.46,2.2,0.075,14.0,27,0.9959800000000001,3.06,0.84,11.4,6
5.486662968158904,5,0.2368408445772345,6.4,0.795,0.0,2.2,0.065,28.0,52,0.9937800000000001,3.49,0.52,11.600000000000001,5
5.519464775480075,6,0.23091410200441476,7.2,0.34,0.21,2.5,0.075,41.0,68,0.9958600000000001,3.37,0.54,10.100000000000001,6
6.1044400908502015,6,0.010907732576798333,8.9,0.5,0.21,2.2,0.088,21.0,39,0.99692,3.33,0.8300000000000001,11.100000000000001,6
5.579811914338948,5,0.33618185600939554,7.1000000000000005,0.43,0.17,1.8,0.082,27.0,51,0.9963400000000001,3.49,0.64,10.4,5
6.005387000811461,6,2.9019777742680707E-5,9.3,0.5,0.36,1.8,0.084,6.0,17,0.99704,3.27,0.77,10.8,6
5.145784513733252,5,0.021253124444440826,8.5,0.46,0.59,1.4000000000000001,0.41400000000000003,16.0,45,0.9970200000000001,3.0300000000000002,1.34,9.200000000000001,5
5.552795269901529,5,0.3055826104255046,5.6000000000000005,0.605,0.05,2.4,0.073,19.0,25,0.9925800000000001,3.56,0.55,12.9,5
5.270148388446715,5,0.07298015178035702,7.6000000000000005,0.42,0.25,3.9,0.10400000000000001,28.0,90,0.9978400000000001,3.15,0.5700000000000001,9.1,5
6.164913189823629,6,0.027196360177804333,10.200000000000001,0.29,0.65,2.4,0.075,6.0,17,0.99565,3.22,0.63,11.8,6
6.2861595622700515,7,0.5095681705384846,6.6000000000000005,0.52,0.08,2.4,0.07,13.0,26,0.9935800000000001,3.4,0.72,12.5,7
6.600663511335148,7,0.15946963117917315,9.3,0.33,0.45,1.5,0.057,19.0,37,0.9949800000000001,3.18,0.89,11.100000000000001,7
5.190063823127863,5,0.03612425686197962,7.5,0.77,0.2,8.1,0.098,30.0,92,0.99892,3.2,0.58,9.200000000000001,5
5.364353571157258,6,0.40404638250053126,7.2,0.35000000000000003,0.26,1.8,0.083,33.0,75,0.9968000000000001,3.4,0.58,9.5,6
5.797049308412027,7,1.4470903663919827,9.1,0.25,0.34,2.0,0.07100000000000001,45.0,67,0.9976900000000001,3.44,0.86,10.200000000000001,7
6.312892543038427,6,0.09790174348905407,8.700000000000001,0.42,0.45,2.4,0.07200000000000001,32.0,59,0.9961700000000001,3.33,0.77,12.0,6
5.397779161872441,6,0.36266993787506,7.2,0.38,0.3,1.8,0.073,31.0,70,0.9968500000000001,3.42,0.59,9.5,6
5.360500552307109,5,0.12996064821373093,6.800000000000001,0.48,0.08,1.8,0.074,40.0,64,0.9952900000000001,3.12,0.49,9.600000000000001,5
5.560583592329042,6,0.1930867793304495,7.9,0.34,0.42,2.0,0.08600000000000001,8.0,19,0.9954600000000001,3.35,0.6,11.4,6
5.469842841505973,6,0.28106661270246064,7.0,0.54,0.09,2.0,0.081,10.0,16,0.9947900000000001,3.43,0.59,11.5,6
5.079729142768699,5,0.006356736206631521,8.6,0.52,0.38,1.5,0.096,5.0,18,0.9966600000000001,3.2,0.52,9.4,5
6.67832385089158,7,0.1034755449052224,9.1,0.3,0.41000000000000003,2.0,0.068,10.0,24,0.9952300000000001,3.27,0.85,11.700000000000001,7
5.621330929056698,6,0.14339026528906368,10.8,0.47000000000000003,0.43,2.1,0.171,27.0,66,0.9982000000000001,3.17,0.76,10.8,6
5.386602161954925,7,2.6030525838085223,5.4,0.42,0.27,2.0,0.092,23.0,55,0.9947100000000001,3.7800000000000002,0.64,12.3,7
6.097339468534376,6,0.009474972134554694,7.9,0.33,0.41000000000000003,1.5,0.056,6.0,35,0.9939600000000001,3.29,0.71,11.0,6
5.593852422742053,6,0.16495585451250006,7.0,0.6900000000000001,0.07,2.5,0.091,15.0,21,0.99572,3.38,0.6,11.3,6
6.093084644713662,6,0.008664751081468716,7.1000000000000005,0.39,0.12,2.1,0.065,14.0,24,0.9925200000000001,3.3000000000000003,0.53,13.3,6
5.409019327719472,5,0.16729681044808867,5.6000000000000005,0.66,0.0,2.5,0.066,7.0,15,0.9925600000000001,3.52,0.58,12.9,5
5.817540525864852,6,0.033291459701674644,6.6000000000000005,0.5,0.0,1.8,0.062,21.0,28,0.9935200000000001,3.44,0.55,12.3,6
4.9469067542939165,4,0.8966324013274395,6.5,0.58,0.0,2.2,0.096,3.0,13,0.9955700000000001,3.62,0.62,11.5,4
5.778578521311309,6,0.04902747122468634,10.5,0.43,0.35000000000000003,3.3000000000000003,0.092,24.0,70,0.9979800000000001,3.21,0.6900000000000001,10.5,6
5.728796221171347,6,0.07355148965094092,9.1,0.6,0.0,1.9000000000000001,0.058,5.0,10,0.9977,3.18,0.63,10.4,6
6.220243595674388,6,0.048507241435583305,10.4,0.52,0.45,2.0,0.08,6.0,13,0.9977400000000001,3.22,0.76,11.4,6
5.38896294128635,6,0.3733662871214291,7.300000000000001,0.4,0.3,1.7,0.08,33.0,79,0.9969000000000001,3.41,0.65,9.5,6
5.954696665628952,6,0.0020523921051349638,6.9,0.45,0.11,2.4,0.043000000000000003,6.0,12,0.9935400000000001,3.3000000000000003,0.65,11.4,6
5.716143923067835,6,0.08057427241131904,10.0,0.35000000000000003,0.47000000000000003,2.0,0.061,6.0,11,0.9958500000000001,3.23,0.52,12.0,6
5.977983288895698,6,4.847355678503111E-4,6.1000000000000005,0.58,0.23,2.5,0.044,16.0,70,0.9935200000000001,3.46,0.65,12.5,6
5.612394383044014,6,0.15023811429583023,6.6000000000000005,0.58,0.0,2.2,0.1,50.0,63,0.9954400000000001,3.59,0.68,11.4,6
5.763367594819261,5,0.5827300848201435,9.9,0.54,0.26,2.0,0.111,7.0,60,0.99709,2.94,0.98,10.200000000000001,5
5.593205410182088,6,0.16548183830512359,7.6000000000000005,0.5,0.29,2.3000000000000003,0.08600000000000001,5.0,14,0.9950200000000001,3.3200000000000003,0.62,11.5,6
5.436106569269412,6,0.31797580122111274,7.6000000000000005,0.36,0.31,1.7,0.079,26.0,65,0.99716,3.46,0.62,9.5,6
5.657776613044578,6,0.11711684657924057,6.5,0.61,0.0,2.2,0.095,48.0,59,0.9954100000000001,3.61,0.7000000000000001,11.5,6
4.880572905841108,4,0.7754086425014525,6.5,0.88,0.03,5.6000000000000005,0.079,23.0,47,0.99572,3.58,0.5,11.200000000000001,4
6.090406875401819,7,0.8273596523162816,7.1000000000000005,0.66,0.0,2.4,0.052000000000000005,6.0,11,0.9931800000000001,3.35,0.66,12.700000000000001,7
6.208510888741186,6,0.043476790723639226,8.200000000000001,0.35000000000000003,0.33,2.4,0.076,11.0,47,0.99599,3.27,0.81,11.0,6
5.951263259528631,6,0.0023752698717735337,10.200000000000001,0.4,0.4,2.5,0.068,41.0,54,0.9975400000000001,3.38,0.86,10.5,6
5.209833155425725,6,0.624363642264466,7.0,0.43,0.3,2.0,0.085,6.0,39,0.9934600000000001,3.33,0.46,11.9,6
5.209833155425725,6,0.624363642264466,7.0,0.43,0.3,2.0,0.085,6.0,39,0.9934600000000001,3.33,0.46,11.9,6
4.428570583268765,4,0.1836727448433298,8.8,0.9550000000000001,0.05,1.8,0.075,5.0,19,0.99616,3.3000000000000003,0.44,9.600000000000001,4
5.70364903887145,6,0.0878238921618156,9.1,0.4,0.5700000000000001,4.6000000000000005,0.08,6.0,20,0.9965200000000001,3.2800000000000002,0.5700000000000001,12.5,6
6.167233159165057,7,0.6935006111942119,7.2,0.36,0.46,2.1,0.074,24.0,44,0.9953400000000001,3.4,0.85,11.0,7
6.207516377974445,6,0.043063047127632585,9.600000000000001,0.38,0.42,1.9000000000000001,0.07100000000000001,5.0,13,0.9965900000000001,3.15,0.75,10.5,6
5.565761813259077,6,0.18856280282404458,10.200000000000001,0.33,0.46,1.9000000000000001,0.081,6.0,9,0.99628,3.1,0.48,10.4,6
5.376487216743718,6,0.38876819088399517,7.9,0.5700000000000001,0.31,2.0,0.079,10.0,79,0.99677,3.29,0.6900000000000001,9.5,6
5.938549345610152,6,0.0037761829249405294,8.200000000000001,0.4,0.31,1.9000000000000001,0.082,8.0,24,0.9960000000000001,3.24,0.6900000000000001,10.600000000000001,6
6.106746769204229,6,0.011394872735541024,10.9,0.32,0.52,1.8,0.132,17.0,44,0.9973400000000001,3.2800000000000002,0.77,11.5,6
6.237660956258984,7,0.5811608176119667,5.1000000000000005,0.42,0.0,1.8,0.044,18.0,88,0.9915700000000001,3.68,0.73,13.600000000000001,7
5.780457081807257,4,3.170027420157614,6.0,0.33,0.32,12.9,0.054,6.0,113,0.99572,3.3000000000000003,0.56,11.5,4
5.523131841357805,5,0.2736669234424077,7.4,0.55,0.19,1.8,0.082,15.0,34,0.99655,3.49,0.68,10.5,5
5.386836914227731,5,0.1496427982092326,7.5,0.58,0.14,2.2,0.077,27.0,60,0.9963000000000001,3.2800000000000002,0.59,9.8,5
4.952018076413465,5,0.0023022649910641128,7.9,0.66,0.0,1.4000000000000001,0.096,6.0,13,0.9956900000000001,3.43,0.58,9.5,5
5.734197839939594,6,0.07065078829277753,7.0,0.58,0.28,4.8,0.085,12.0,69,0.99633,3.3200000000000003,0.7000000000000001,11.0,6
4.712569536704984,4,0.5077553446399552,6.300000000000001,1.02,0.0,2.0,0.083,17.0,24,0.9943700000000001,3.59,0.55,11.200000000000001,4
6.7301299046119345,6,0.5330896776086326,10.4,0.43,0.5,2.3000000000000003,0.068,13.0,19,0.9960000000000001,3.1,0.87,11.4,6
6.559554776812611,8,2.074882441003367,5.5,0.49,0.03,1.8,0.044,28.0,87,0.9908000000000001,3.5,0.8200000000000001,14.0,8
5.5908875336950015,5,0.3491480774761615,7.0,0.42,0.19,2.3000000000000003,0.07100000000000001,18.0,36,0.9947600000000001,3.39,0.56,10.9,5
5.982549566484322,6,3.0451762988508986E-4,7.2,0.53,0.14,2.1,0.064,15.0,29,0.9932300000000001,3.35,0.61,12.100000000000001,6
5.119419464928604,6,0.7754220787466265,5.2,0.645,0.0,2.15,0.08,15.0,28,0.9944400000000001,3.7800000000000002,0.61,12.5,6
5.058934577474453,5,0.0034732844220922987,7.6000000000000005,0.79,0.21,2.3000000000000003,0.08700000000000001,21.0,68,0.9955,3.12,0.44,9.200000000000001,5
5.169997450306139,4,1.3688940337228672,6.800000000000001,0.68,0.09,3.9,0.068,15.0,29,0.9952400000000001,3.41,0.52,11.100000000000001,4
4.656268984345075,5,0.11815101112316655,8.0,1.18,0.21,1.9000000000000001,0.083,14.0,41,0.9953200000000001,3.34,0.47000000000000003,10.5,5
6.273806829087883,6,0.0749701796551613,9.9,0.44,0.46,2.2,0.091,10.0,41,0.99638,3.18,0.6900000000000001,11.9,6
5.3425085942474775,6,0.4322949486384282,7.5,0.63,0.27,2.0,0.083,17.0,91,0.99616,3.2600000000000002,0.58,9.8,6
4.923955579980229,6,1.1578715938556863,9.1,0.76,0.68,1.7,0.41400000000000003,18.0,64,0.9965200000000001,2.9,1.33,9.1,6
5.984421441897352,5,0.9690855752672612,9.1,0.34,0.42,1.8,0.058,9.0,18,0.9939200000000001,3.18,0.55,11.4,5
6.3432646826937535,7,0.4313012769973362,9.1,0.36,0.39,1.8,0.06,21.0,55,0.9949500000000001,3.18,0.8200000000000001,11.0,7
5.555413942383819,6,0.19765676262669848,6.7,0.46,0.24,1.7,0.077,18.0,34,0.9948000000000001,3.39,0.6,10.600000000000001,6
5.112450983113542,5,0.012645223603202024,6.5,0.52,0.11,1.8,0.073,13.0,38,0.9955,3.34,0.52,9.3,5
5.3314187263134185,6,0.4470009195243716,7.4,0.6,0.26,2.1,0.083,17.0,91,0.99616,3.29,0.56,9.8,6
5.357504984231038,6,0.41279984528795927,8.4,0.39,0.1,1.7,0.075,6.0,25,0.9958100000000001,3.09,0.43,9.700000000000001,6
5.109761408449388,5,0.012047566784793354,9.1,0.775,0.22,2.2,0.079,12.0,48,0.9976,3.18,0.51,9.600000000000001,5
4.979739351586238,5,4.104938741460841E-4,6.0,0.5,0.0,1.4000000000000001,0.057,15.0,26,0.99448,3.36,0.45,9.5,5
5.459179234899418,6,0.292487099963979,7.5,0.51,0.02,1.7,0.084,13.0,31,0.99538,3.36,0.54,10.5,6
5.459179234899418,6,0.292487099963979,7.5,0.51,0.02,1.7,0.084,13.0,31,0.99538,3.36,0.54,10.5,6
5.350157177947275,6,0.42229569337344963,7.6000000000000005,0.54,0.02,1.7,0.085,17.0,31,0.99589,3.37,0.51,10.4,6
5.459179234899418,6,0.292487099963979,7.5,0.51,0.02,1.7,0.084,13.0,31,0.99538,3.36,0.54,10.5,6
5.794351236986145,5,0.630993887701419,11.5,0.42,0.48,2.6,0.077,8.0,20,0.9985200000000001,3.09,0.53,11.0,5
5.4701144657411085,5,0.22100761089904786,6.9,0.5700000000000001,0.0,2.8000000000000003,0.081,21.0,41,0.9951800000000001,3.41,0.52,10.8,5
5.064368775289197,5,0.004143339232231173,7.6000000000000005,0.645,0.03,1.9000000000000001,0.08600000000000001,14.0,57,0.9969000000000001,3.37,0.46,10.3,5
5.429373749178114,5,0.18436181648327013,7.800000000000001,0.5,0.09,2.2,0.115,10.0,42,0.9971000000000001,3.18,0.62,9.5,5
6.300356921499837,6,0.09021428029285934,7.5,0.58,0.56,3.1,0.153,5.0,14,0.9947600000000001,3.21,1.03,11.600000000000001,6
5.274657987950134,5,0.07543701034481574,8.0,0.6,0.22,2.1,0.08,25.0,105,0.9961300000000001,3.3000000000000003,0.49,9.9,5
5.274657987950134,5,0.07543701034481574,8.0,0.6,0.22,2.1,0.08,25.0,105,0.9961300000000001,3.3000000000000003,0.49,9.9,5
5.233148910076062,5,0.05435841426965584,7.4,0.64,0.07,1.8,0.1,8.0,23,0.9961000000000001,3.3000000000000003,0.58,9.600000000000001,5
6.2351377475636385,6,0.05528976032930137,7.6000000000000005,0.3,0.42,2.0,0.052000000000000005,6.0,24,0.9963000000000001,3.44,0.8200000000000001,11.9,6
5.5550425263634,5,0.30807220607186586,9.9,0.5700000000000001,0.25,2.0,0.10400000000000001,12.0,89,0.9963000000000001,3.04,0.9,10.100000000000001,5
5.244686435299676,5,0.05987145161966255,7.800000000000001,0.53,0.01,1.6,0.077,3.0,19,0.9950000000000001,3.16,0.46,9.8,5
5.23933148748405,5,0.057279560901328186,7.7,0.64,0.21,2.2,0.077,32.0,133,0.9956,3.27,0.45,9.9,5
5.371589480614068,5,0.1380787421030327,7.5,0.4,0.18,1.6,0.079,24.0,58,0.9965,3.34,0.58,9.4,5
5.537757197649829,4,2.364697198923855,6.4,0.53,0.09,3.9,0.123,14.0,31,0.9968000000000001,3.5,0.67,11.0,4
5.675464348980684,5,0.4562520867438995,7.4,0.41000000000000003,0.24,1.8,0.066,18.0,47,0.9956,3.37,0.62,10.4,5
4.620868886114258,5,0.14374040151624334,7.0,0.59,0.0,1.7,0.052000000000000005,3.0,8,0.9960000000000001,3.41,0.47000000000000003,10.3,5
5.480418140265703,5,0.23080158949635696,6.9,0.63,0.02,1.9000000000000001,0.078,18.0,30,0.9971200000000001,3.4,0.75,9.8,5
5.634460402096227,6,0.1336191976356519,7.300000000000001,0.67,0.02,2.2,0.07200000000000001,31.0,92,0.9956600000000001,3.3200000000000003,0.68,11.100000000000001,6
5.327588366688955,5,0.10731413798993737,6.800000000000001,0.67,0.0,1.9000000000000001,0.08,22.0,39,0.9970100000000001,3.4,0.74,9.700000000000001,5
6.5510666612858675,7,0.20154114260901806,7.9,0.2,0.35000000000000003,1.7,0.054,7.0,15,0.9945800000000001,3.3200000000000003,0.8,11.9,7
5.33674961098366,5,0.11340030049764654,6.800000000000001,0.59,0.1,1.7,0.063,34.0,53,0.9958000000000001,3.41,0.67,9.700000000000001,5
5.619680531243632,7,1.905281835827862,7.300000000000001,0.48,0.32,2.1,0.062,31.0,54,0.99728,3.3000000000000003,0.65,10.0,7
5.447061053635338,5,0.19986358567753826,10.0,0.6900000000000001,0.11,1.4000000000000001,0.084,8.0,24,0.9957800000000001,2.88,0.47000000000000003,9.700000000000001,5
5.434504793004499,5,0.18879441514388248,6.1000000000000005,0.6,0.08,1.8,0.07100000000000001,14.0,45,0.9933600000000001,3.38,0.54,11.0,5
5.467265537031318,5,0.21833708209716635,9.9,0.5,0.5,13.8,0.20500000000000002,48.0,82,1.00242,3.16,0.75,8.8,5
5.6642355030397695,6,0.11273779741895662,6.2,0.5700000000000001,0.1,2.1,0.048,4.0,11,0.99448,3.44,0.76,10.8,6
5.615177607001772,6,0.14808827415288295,7.1000000000000005,0.22,0.49,1.8,0.039,8.0,18,0.9934400000000001,3.39,0.56,12.4,6
4.858834712300472,5,0.019927638451290565,6.2,0.65,0.06,1.6,0.05,6.0,18,0.99348,3.5700000000000003,0.54,11.950000000000001,5
5.232164351650351,5,0.053900286177227676,7.7,0.54,0.26,1.9000000000000001,0.089,23.0,147,0.9963600000000001,3.2600000000000002,0.59,9.700000000000001,5
5.802362438688591,7,1.4343357282639395,6.4,0.31,0.09,1.4000000000000001,0.066,15.0,28,0.9945900000000001,3.42,0.7000000000000001,10.0,7
4.536476467447688,6,2.141901130334398,6.6000000000000005,0.895,0.04,2.3000000000000003,0.068,7.0,13,0.99582,3.5300000000000002,0.58,10.8,6
5.302169414138447,5,0.09130635484077243,7.300000000000001,0.585,0.18,2.4,0.078,15.0,60,0.99638,3.31,0.54,9.8,5
5.813613317624388,6,0.03473999536698717,7.1000000000000005,0.27,0.6,2.1,0.074,17.0,25,0.99814,3.38,0.72,10.600000000000001,6
5.6867706236673525,6,0.0981126421977393,6.5,0.53,0.06,2.0,0.063,29.0,44,0.99489,3.38,0.8300000000000001,10.3,6
5.6867706236673525,6,0.0981126421977393,6.5,0.53,0.06,2.0,0.063,29.0,44,0.99489,3.38,0.8300000000000001,10.3,6
5.581912747829013,6,0.17479695042788654,6.800000000000001,0.47000000000000003,0.08,2.2,0.064,18.0,38,0.99553,3.3000000000000003,0.65,9.600000000000001,6
5.305690950342645,5,0.09344695712138934,8.0,0.39,0.3,1.9000000000000001,0.074,32.0,84,0.9971700000000001,3.39,0.61,9.0,5
5.354974088024457,6,0.41605842711988045,7.0,0.55,0.13,2.2,0.075,15.0,35,0.9959000000000001,3.36,0.59,9.700000000000001,6
5.506609158974852,6,0.24343452200750282,6.7,0.855,0.02,1.9000000000000001,0.064,29.0,38,0.99472,3.3000000000000003,0.56,10.75,6
6.300668898962167,8,2.8877261909544543,7.4,0.36,0.3,1.8,0.074,17.0,24,0.9941900000000001,3.24,0.7000000000000001,11.4,8
5.013136381562155,5,1.725645205465147E-4,7.1000000000000005,0.67,0.0,2.3000000000000003,0.083,18.0,27,0.9976800000000001,3.44,0.54,9.4,5
5.063082772880332,5,0.003979436234271527,6.9,0.63,0.33,6.7,0.23500000000000001,66.0,115,0.99787,3.22,0.56,9.5,5
5.202015525681015,5,0.04081027261617701,7.2,0.6950000000000001,0.13,2.0,0.076,12.0,20,0.9954600000000001,3.29,0.54,10.100000000000001,5
5.202015525681015,5,0.04081027261617701,7.2,0.6950000000000001,0.13,2.0,0.076,12.0,20,0.9954600000000001,3.29,0.54,10.100000000000001,5
6.1174524632077105,6,0.013795081113558594,6.7,0.16,0.64,2.1,0.059000000000000004,24.0,52,0.99494,3.34,0.71,11.200000000000001,6
5.230343956982146,5,0.0530583385181929,7.0,0.56,0.13,1.6,0.077,25.0,42,0.9962900000000001,3.34,0.59,9.200000000000001,5
6.283004970227095,6,0.080091813173239,6.4,0.36,0.53,2.2,0.23,19.0,35,0.9934000000000001,3.37,0.93,12.4,6
5.138490727669946,5,0.019179681650551044,7.300000000000001,0.6900000000000001,0.32,2.2,0.069,35.0,104,0.9963200000000001,3.33,0.51,9.5,5
6.039380097734608,6,0.0015507920975873079,7.5,0.52,0.4,2.2,0.06,12.0,20,0.9947400000000001,3.2600000000000002,0.64,11.8,6
6.230830618324993,6,0.05328277435629863,8.0,0.3,0.63,1.6,0.081,16.0,29,0.9958800000000001,3.3000000000000003,0.78,10.8,6
5.126587715595705,6,0.7628490185483289,6.2,0.7000000000000001,0.15,5.1000000000000005,0.076,13.0,27,0.9962200000000001,3.54,0.6,11.9,6
5.648693843130978,6,0.12341601585408182,6.800000000000001,0.67,0.15,1.8,0.11800000000000001,13.0,20,0.9954000000000001,3.42,0.67,11.3,6
4.803399607999354,5,0.03865171413480778,6.1000000000000005,0.715,0.1,2.6,0.053,13.0,27,0.9936200000000001,3.5700000000000003,0.5,11.9,5
6.462922242354129,7,0.28845251775791736,6.7,0.32,0.44,2.4,0.061,24.0,34,0.9948400000000001,3.29,0.8,11.600000000000001,7
6.3952841114126,6,0.15624952873524894,7.2,0.39,0.44,2.6,0.066,22.0,48,0.99494,3.3000000000000003,0.84,11.5,6
6.226905611726607,6,0.05148615663302556,7.5,0.31,0.41000000000000003,2.4,0.065,34.0,60,0.99492,3.34,0.85,11.4,6
5.422230142685907,6,0.3338180080207469,5.800000000000001,0.61,0.11,1.8,0.066,18.0,28,0.9948300000000001,3.5500000000000003,0.66,10.9,6
6.24312266924415,6,0.059108632300400546,6.300000000000001,0.55,0.15,1.8,0.077,26.0,35,0.9931400000000001,3.3200000000000003,0.8200000000000001,11.600000000000001,6
5.43552180115176,5,0.18967923927847288,6.2,0.6,0.08,2.0,0.09,32.0,44,0.9949000000000001,3.45,0.58,10.5,5
5.724449592253891,6,0.07592802720904684,6.0,0.31,0.47000000000000003,3.6,0.067,18.0,42,0.9954900000000001,3.39,0.66,11.0,6
